model,false_positive_rate,true_positive_rate,threshold
Regularised logistic regression,0.0,0.0,inf
Regularised logistic regression,0.0,0.005649717514124294,0.9246798272164467
Regularised logistic regression,0.0,0.011299435028248588,0.8658292849435251
Regularised logistic regression,0.005084745762711864,0.011299435028248588,0.8467638707995426
Regularised logistic regression,0.005084745762711864,0.062146892655367235,0.8054580799763893
Regularised logistic regression,0.00847457627118644,0.062146892655367235,0.8007735224434459
Regularised logistic regression,0.00847457627118644,0.07344632768361582,0.798172274232862
Regularised logistic regression,0.010169491525423728,0.07344632768361582,0.7973205492778922
Regularised logistic regression,0.010169491525423728,0.0847457627118644,0.793309694308782
Regularised logistic regression,0.013559322033898305,0.0847457627118644,0.787235197026096
Regularised logistic regression,0.013559322033898305,0.1016949152542373,0.7829234800475466
Regularised logistic regression,0.015254237288135594,0.1016949152542373,0.7810997461596
Regularised logistic regression,0.015254237288135594,0.10734463276836158,0.7795406595316382
Regularised logistic regression,0.01694915254237288,0.10734463276836158,0.7781204732101293
Regularised logistic regression,0.01694915254237288,0.12429378531073447,0.7740958804535113
Regularised logistic regression,0.020338983050847456,0.12429378531073447,0.7691385542704862
Regularised logistic regression,0.020338983050847456,0.12994350282485875,0.7659981936135728
Regularised logistic regression,0.023728813559322035,0.12994350282485875,0.762061395163094
Regularised logistic regression,0.023728813559322035,0.1638418079096045,0.7507118114828423
Regularised logistic regression,0.02711864406779661,0.1638418079096045,0.7470992123602672
Regularised logistic regression,0.02711864406779661,0.1694915254237288,0.7448269548370148
Regularised logistic regression,0.0288135593220339,0.1694915254237288,0.7428968651475943
Regularised logistic regression,0.0288135593220339,0.1751412429378531,0.742654884643592
Regularised logistic regression,0.030508474576271188,0.1751412429378531,0.7376720163632916
Regularised logistic regression,0.030508474576271188,0.192090395480226,0.7275542083932989
Regularised logistic regression,0.03389830508474576,0.192090395480226,0.7235682014117173
Regularised logistic regression,0.03389830508474576,0.1977401129943503,0.72294941380062
Regularised logistic regression,0.03559322033898305,0.1977401129943503,0.7224455622037325
Regularised logistic regression,0.03559322033898305,0.2033898305084746,0.7220358468015754
Regularised logistic regression,0.03728813559322034,0.2033898305084746,0.7205822924209472
Regularised logistic regression,0.03728813559322034,0.22033898305084745,0.7189146758344234
Regularised logistic regression,0.03898305084745763,0.22033898305084745,0.7167334192287165
Regularised logistic regression,0.03898305084745763,0.22598870056497175,0.7155697338727904
Regularised logistic regression,0.04915254237288136,0.22598870056497175,0.7087719307099757
Regularised logistic regression,0.04915254237288136,0.23163841807909605,0.7081407393708602
Regularised logistic regression,0.05254237288135593,0.23163841807909605,0.7058130868971122
Regularised logistic regression,0.05254237288135593,0.23728813559322035,0.7031740386437355
Regularised logistic regression,0.05423728813559322,0.23728813559322035,0.7014269966752208
Regularised logistic regression,0.05423728813559322,0.24858757062146894,0.698265781442641
Regularised logistic regression,0.05593220338983051,0.24858757062146894,0.6967357241080305
Regularised logistic regression,0.05593220338983051,0.2542372881355932,0.6965426686129376
Regularised logistic regression,0.06440677966101695,0.2542372881355932,0.6941615912703084
Regularised logistic regression,0.06440677966101695,0.2598870056497175,0.6929247721346256
Regularised logistic regression,0.07288135593220339,0.2598870056497175,0.6876787999137924
Regularised logistic regression,0.07288135593220339,0.2655367231638418,0.684634119746567
Regularised logistic regression,0.07627118644067797,0.2655367231638418,0.6830039325176599
Regularised logistic regression,0.07627118644067797,0.2711864406779661,0.6812676940207296
Regularised logistic regression,0.08305084745762711,0.2711864406779661,0.6789904357199225
Regularised logistic regression,0.08305084745762711,0.2768361581920904,0.6789248167203031
Regularised logistic regression,0.08644067796610169,0.2768361581920904,0.6782083842240803
Regularised logistic regression,0.08644067796610169,0.288135593220339,0.6766179734314978
Regularised logistic regression,0.08813559322033898,0.288135593220339,0.6745373575205204
Regularised logistic regression,0.08813559322033898,0.2937853107344633,0.6741631159349358
Regularised logistic regression,0.08983050847457627,0.2937853107344633,0.6736714656081233
Regularised logistic regression,0.08983050847457627,0.3107344632768362,0.6710225106247497
Regularised logistic regression,0.09661016949152543,0.3107344632768362,0.6684974423294343
Regularised logistic regression,0.09661016949152543,0.3220338983050847,0.6677108136106216
Regularised logistic regression,0.09830508474576272,0.3220338983050847,0.6673653099392192
Regularised logistic regression,0.09830508474576272,0.327683615819209,0.6667622506803715
Regularised logistic regression,0.1,0.327683615819209,0.6667568074367284
Regularised logistic regression,0.1,0.3333333333333333,0.6659054455435148
Regularised logistic regression,0.1016949152542373,0.3333333333333333,0.6656207806430366
Regularised logistic regression,0.1016949152542373,0.3389830508474576,0.6654125686785886
Regularised logistic regression,0.10338983050847457,0.3389830508474576,0.6651805568209783
Regularised logistic regression,0.10338983050847457,0.3446327683615819,0.6651275670458326
Regularised logistic regression,0.11016949152542373,0.3446327683615819,0.6580331431265731
Regularised logistic regression,0.11016949152542373,0.3502824858757062,0.6545657012317861
Regularised logistic regression,0.1152542372881356,0.3502824858757062,0.6494095662075885
Regularised logistic regression,0.1152542372881356,0.3672316384180791,0.6429308123637917
Regularised logistic regression,0.11864406779661017,0.3672316384180791,0.6413458737455477
Regularised logistic regression,0.11864406779661017,0.3728813559322034,0.6410521160366635
Regularised logistic regression,0.12203389830508475,0.3728813559322034,0.6387697326624342
Regularised logistic regression,0.12203389830508475,0.3785310734463277,0.6377452580300337
Regularised logistic regression,0.12542372881355932,0.3785310734463277,0.6361045238384108
Regularised logistic regression,0.12542372881355932,0.384180790960452,0.6356766438614592
Regularised logistic regression,0.1288135593220339,0.384180790960452,0.6340767141647811
Regularised logistic regression,0.1288135593220339,0.3898305084745763,0.6337197652286995
Regularised logistic regression,0.13220338983050847,0.3898305084745763,0.6324168241741627
Regularised logistic regression,0.13220338983050847,0.3954802259887006,0.6322663167062653
Regularised logistic regression,0.13559322033898305,0.3954802259887006,0.631058417786182
Regularised logistic regression,0.13559322033898305,0.4011299435028249,0.6302603661256357
Regularised logistic regression,0.14067796610169492,0.4011299435028249,0.6276653553549818
Regularised logistic regression,0.14067796610169492,0.4067796610169492,0.6269118714095427
Regularised logistic regression,0.1423728813559322,0.4067796610169492,0.6263135939899559
Regularised logistic regression,0.1423728813559322,0.4180790960451977,0.625050631394045
Regularised logistic regression,0.1440677966101695,0.4180790960451977,0.6245412115655568
Regularised logistic regression,0.1440677966101695,0.4293785310734463,0.6229087364648636
Regularised logistic regression,0.15254237288135594,0.4293785310734463,0.6192589258524338
Regularised logistic regression,0.15254237288135594,0.4350282485875706,0.619185654102376
Regularised logistic regression,0.15593220338983052,0.4350282485875706,0.6170308039625739
Regularised logistic regression,0.15593220338983052,0.4406779661016949,0.6166694638109834
Regularised logistic regression,0.15932203389830507,0.4406779661016949,0.6159028447878249
Regularised logistic regression,0.15932203389830507,0.4463276836158192,0.6153964501167972
Regularised logistic regression,0.16779661016949152,0.4463276836158192,0.612109644800456
Regularised logistic regression,0.16779661016949152,0.4519774011299435,0.6119634236345819
Regularised logistic regression,0.1711864406779661,0.4519774011299435,0.6083710666170987
Regularised logistic regression,0.1711864406779661,0.4689265536723164,0.6059712379512927
Regularised logistic regression,0.17627118644067796,0.4689265536723164,0.6030267300051629
Regularised logistic regression,0.17627118644067796,0.4745762711864407,0.6029484738924876
Regularised logistic regression,0.17796610169491525,0.4745762711864407,0.6028557096447519
Regularised logistic regression,0.17796610169491525,0.480225988700565,0.601601609886895
Regularised logistic regression,0.19322033898305085,0.480225988700565,0.59266353905194
Regularised logistic regression,0.19322033898305085,0.4858757062146893,0.5917382532640323
Regularised logistic regression,0.19830508474576272,0.4858757062146893,0.5903504143415187
Regularised logistic regression,0.19830508474576272,0.4971751412429379,0.5895300511691357
Regularised logistic regression,0.2016949152542373,0.4971751412429379,0.5879127053839668
Regularised logistic regression,0.2016949152542373,0.5028248587570622,0.5875260503778497
Regularised logistic regression,0.2033898305084746,0.5028248587570622,0.5856755101101693
Regularised logistic regression,0.2033898305084746,0.5141242937853108,0.5848673600815328
Regularised logistic regression,0.20508474576271185,0.5141242937853108,0.5831719521212987
Regularised logistic regression,0.20508474576271185,0.519774011299435,0.5820138578474181
Regularised logistic regression,0.20847457627118643,0.519774011299435,0.5801144341368223
Regularised logistic regression,0.20847457627118643,0.5254237288135594,0.5788844556117222
Regularised logistic regression,0.21016949152542372,0.5254237288135594,0.5788428331440956
Regularised logistic regression,0.21016949152542372,0.5423728813559322,0.5772928094297531
Regularised logistic regression,0.2135593220338983,0.5423728813559322,0.5768151374859595
Regularised logistic regression,0.2135593220338983,0.5480225988700564,0.5763052411994942
Regularised logistic regression,0.21694915254237288,0.5480225988700564,0.5744371307850421
Regularised logistic regression,0.21694915254237288,0.5536723163841808,0.5727624521794572
Regularised logistic regression,0.22203389830508474,0.5536723163841808,0.5715455870466108
Regularised logistic regression,0.22203389830508474,0.5649717514124294,0.5712518967507763
Regularised logistic regression,0.23559322033898306,0.5649717514124294,0.5667230645704004
Regularised logistic regression,0.23559322033898306,0.5706214689265536,0.5666100681796863
Regularised logistic regression,0.2542372881355932,0.5706214689265536,0.5580192097949258
Regularised logistic regression,0.2542372881355932,0.576271186440678,0.5572267829308631
Regularised logistic regression,0.2593220338983051,0.576271186440678,0.5550704885057341
Regularised logistic regression,0.2593220338983051,0.5819209039548022,0.5546251388046943
Regularised logistic regression,0.26101694915254237,0.5819209039548022,0.5543699885887139
Regularised logistic regression,0.26101694915254237,0.5875706214689266,0.5539484444470015
Regularised logistic regression,0.2677966101694915,0.5875706214689266,0.5498429743207699
Regularised logistic regression,0.2677966101694915,0.5988700564971752,0.54746999937509
Regularised logistic regression,0.2745762711864407,0.5988700564971752,0.5442521735806802
Regularised logistic regression,0.2745762711864407,0.6045197740112994,0.5434709493384015
Regularised logistic regression,0.2966101694915254,0.6045197740112994,0.5365701679608897
Regularised logistic regression,0.2966101694915254,0.6101694915254238,0.5364656199696879
Regularised logistic regression,0.3,0.6101694915254238,0.5327630379081122
Regularised logistic regression,0.3,0.615819209039548,0.5326487485268765
Regularised logistic regression,0.3016949152542373,0.615819209039548,0.5315983530074565
Regularised logistic regression,0.3016949152542373,0.6271186440677966,0.5290669918658821
Regularised logistic regression,0.30847457627118646,0.6271186440677966,0.5268297812014471
Regularised logistic regression,0.30847457627118646,0.6440677966101694,0.5236475843403733
Regularised logistic regression,0.3135593220338983,0.6440677966101694,0.5203529853418538
Regularised logistic regression,0.3135593220338983,0.6497175141242938,0.5176015423527697
Regularised logistic regression,0.3169491525423729,0.6497175141242938,0.5158814206839238
Regularised logistic regression,0.3169491525423729,0.655367231638418,0.5146900038648857
Regularised logistic regression,0.32033898305084746,0.655367231638418,0.5140032537106161
Regularised logistic regression,0.32033898305084746,0.6610169491525424,0.5132983814871253
Regularised logistic regression,0.3271186440677966,0.6610169491525424,0.5107346327394587
Regularised logistic regression,0.3271186440677966,0.672316384180791,0.5104043613951336
Regularised logistic regression,0.34067796610169493,0.672316384180791,0.5057881143054072
Regularised logistic regression,0.34067796610169493,0.6892655367231638,0.5013309478978929
Regularised logistic regression,0.3525423728813559,0.6892655367231638,0.4959922556307046
Regularised logistic regression,0.3525423728813559,0.6949152542372882,0.4947817929172297
Regularised logistic regression,0.35423728813559324,0.6949152542372882,0.49384559085690377
Regularised logistic regression,0.35423728813559324,0.7005649717514124,0.4932829381116654
Regularised logistic regression,0.3694915254237288,0.7005649717514124,0.48654999504214363
Regularised logistic regression,0.3694915254237288,0.7062146892655368,0.48625982780243243
Regularised logistic regression,0.3728813559322034,0.7062146892655368,0.48409484246388473
Regularised logistic regression,0.3728813559322034,0.711864406779661,0.48366200665595255
Regularised logistic regression,0.39661016949152544,0.711864406779661,0.47597449302704264
Regularised logistic regression,0.39661016949152544,0.7175141242937854,0.47541080679956105
Regularised logistic regression,0.3983050847457627,0.7175141242937854,0.47528606090379416
Regularised logistic regression,0.3983050847457627,0.7231638418079096,0.47508521240039686
Regularised logistic regression,0.40508474576271186,0.7231638418079096,0.4729372375211214
Regularised logistic regression,0.40508474576271186,0.7288135593220338,0.4703432292602524
Regularised logistic regression,0.41694915254237286,0.7288135593220338,0.4641784704806988
Regularised logistic regression,0.41694915254237286,0.7401129943502824,0.46260870277245597
Regularised logistic regression,0.42033898305084744,0.7401129943502824,0.46200735172080104
Regularised logistic regression,0.42033898305084744,0.7457627118644068,0.4617026814751471
Regularised logistic regression,0.4322033898305085,0.7457627118644068,0.4564750786461858
Regularised logistic regression,0.4322033898305085,0.751412429378531,0.45585222751002924
Regularised logistic regression,0.43389830508474575,0.751412429378531,0.4555338551252652
Regularised logistic regression,0.43389830508474575,0.7570621468926554,0.4549036300945486
Regularised logistic regression,0.4457627118644068,0.7570621468926554,0.44870923849994504
Regularised logistic regression,0.4457627118644068,0.7627118644067796,0.4483401683903251
Regularised logistic regression,0.4559322033898305,0.7627118644067796,0.44000864504926995
Regularised logistic regression,0.4559322033898305,0.768361581920904,0.4392586047104117
Regularised logistic regression,0.4610169491525424,0.768361581920904,0.43828201719186805
Regularised logistic regression,0.4610169491525424,0.7740112994350282,0.4378946999630012
Regularised logistic regression,0.4711864406779661,0.7740112994350282,0.43314541320021294
Regularised logistic regression,0.4711864406779661,0.7796610169491526,0.4311111687123835
Regularised logistic regression,0.4728813559322034,0.7796610169491526,0.42737664433816325
Regularised logistic regression,0.4728813559322034,0.7853107344632768,0.42633723477775576
Regularised logistic regression,0.47966101694915253,0.7853107344632768,0.422701511598798
Regularised logistic regression,0.47966101694915253,0.7909604519774012,0.4214801049194421
Regularised logistic regression,0.4830508474576271,0.7909604519774012,0.4213231398739691
Regularised logistic regression,0.4830508474576271,0.7966101694915254,0.4191658287085023
Regularised logistic regression,0.5,0.7966101694915254,0.4137766531893545
Regularised logistic regression,0.5,0.8022598870056498,0.41301727410524364
Regularised logistic regression,0.5016949152542373,0.8022598870056498,0.4130165806837379
Regularised logistic regression,0.5016949152542373,0.807909604519774,0.41015599409755976
Regularised logistic regression,0.5101694915254237,0.807909604519774,0.40695488809972735
Regularised logistic regression,0.5101694915254237,0.8135593220338984,0.40678882257886145
Regularised logistic regression,0.5152542372881356,0.8135593220338984,0.40558397739717306
Regularised logistic regression,0.5152542372881356,0.8192090395480226,0.40511275859912527
Regularised logistic regression,0.5338983050847458,0.8192090395480226,0.3939399377542612
Regularised logistic regression,0.5338983050847458,0.8248587570621468,0.39322912798679804
Regularised logistic regression,0.5372881355932203,0.8248587570621468,0.3912458608177807
Regularised logistic regression,0.5372881355932203,0.8305084745762712,0.3906950720844637
Regularised logistic regression,0.5508474576271186,0.8305084745762712,0.3855568439898102
Regularised logistic regression,0.5508474576271186,0.8361581920903954,0.38466541709642527
Regularised logistic regression,0.5898305084745763,0.8361581920903954,0.3711523980486734
Regularised logistic regression,0.5898305084745763,0.847457627118644,0.3700022546209747
Regularised logistic regression,0.6220338983050847,0.847457627118644,0.35833184602054646
Regularised logistic regression,0.6220338983050847,0.8531073446327684,0.35778285005351296
Regularised logistic regression,0.635593220338983,0.8531073446327684,0.3481822945414974
Regularised logistic regression,0.635593220338983,0.8587570621468926,0.34758895183576727
Regularised logistic regression,0.6508474576271186,0.8587570621468926,0.3400516713905235
Regularised logistic regression,0.6508474576271186,0.864406779661017,0.3397470234486445
Regularised logistic regression,0.6796610169491526,0.864406779661017,0.3273961198372782
Regularised logistic regression,0.6796610169491526,0.8700564971751412,0.3238842147668698
Regularised logistic regression,0.6830508474576271,0.8700564971751412,0.3224538617450846
Regularised logistic regression,0.6830508474576271,0.8757062146892656,0.32218988422099737
Regularised logistic regression,0.688135593220339,0.8757062146892656,0.3202141640007165
Regularised logistic regression,0.688135593220339,0.8813559322033898,0.31992810568040747
Regularised logistic regression,0.6966101694915254,0.8813559322033898,0.3157831060210696
Regularised logistic regression,0.6966101694915254,0.8870056497175142,0.3156532420526338
Regularised logistic regression,0.7016949152542373,0.8870056497175142,0.3137056531530647
Regularised logistic regression,0.7016949152542373,0.8983050847457628,0.312466241018901
Regularised logistic regression,0.7338983050847457,0.8983050847457628,0.2997344238538117
Regularised logistic regression,0.7338983050847457,0.903954802259887,0.2993549196777903
Regularised logistic regression,0.7661016949152543,0.903954802259887,0.28840944328864193
Regularised logistic regression,0.7661016949152543,0.9096045197740112,0.28785153536998564
Regularised logistic regression,0.7677966101694915,0.9096045197740112,0.2844236133751047
Regularised logistic regression,0.7677966101694915,0.9152542372881356,0.2838476547389072
Regularised logistic regression,0.7779661016949152,0.9152542372881356,0.2763085667402996
Regularised logistic regression,0.7779661016949152,0.9209039548022598,0.27616897952574765
Regularised logistic regression,0.7796610169491526,0.9209039548022598,0.2737712159132786
Regularised logistic regression,0.7796610169491526,0.9265536723163842,0.27337366515191075
Regularised logistic regression,0.7813559322033898,0.9265536723163842,0.27278219941143345
Regularised logistic regression,0.7813559322033898,0.9322033898305084,0.2719907756696214
Regularised logistic regression,0.7949152542372881,0.9322033898305084,0.26789189506847955
Regularised logistic regression,0.7949152542372881,0.9378531073446328,0.26771489366452467
Regularised logistic regression,0.8067796610169492,0.9378531073446328,0.26391184079541735
Regularised logistic regression,0.8067796610169492,0.9491525423728814,0.26311447829643797
Regularised logistic regression,0.8186440677966101,0.9491525423728814,0.25900693396538355
Regularised logistic regression,0.8186440677966101,0.9548022598870056,0.2576380938831046
Regularised logistic regression,0.8203389830508474,0.9548022598870056,0.2562159013928283
Regularised logistic regression,0.8203389830508474,0.96045197740113,0.2555045911499784
Regularised logistic regression,0.864406779661017,0.96045197740113,0.23982125080792963
Regularised logistic regression,0.864406779661017,0.9661016949152542,0.2390071367890433
Regularised logistic regression,0.8661016949152542,0.9661016949152542,0.2388934260078419
Regularised logistic regression,0.8661016949152542,0.9717514124293786,0.23838381220027874
Regularised logistic regression,0.8830508474576271,0.9717514124293786,0.23053125355759152
Regularised logistic regression,0.8830508474576271,0.9774011299435028,0.2302306790288262
Regularised logistic regression,0.9271186440677966,0.9774011299435028,0.19915841027799264
Regularised logistic regression,0.9271186440677966,0.9830508474576272,0.19732448906590544
Regularised logistic regression,0.9372881355932203,0.9830508474576272,0.19059304144239297
Regularised logistic regression,0.9372881355932203,0.9887005649717514,0.19008779910062115
Regularised logistic regression,0.9576271186440678,0.9887005649717514,0.17406875706573247
Regularised logistic regression,0.9576271186440678,0.9943502824858758,0.17358783576941578
Regularised logistic regression,0.9813559322033898,0.9943502824858758,0.145449472354984
Regularised logistic regression,0.9813559322033898,1.0,0.14202606868322798
Regularised logistic regression,1.0,1.0,0.1151515505483595
HistGradientBoosting benchmark,0.0,0.0,inf
HistGradientBoosting benchmark,0.0,0.005649717514124294,0.7849399886990748
HistGradientBoosting benchmark,0.0,0.011299435028248588,0.7527432056885738
HistGradientBoosting benchmark,0.001694915254237288,0.011299435028248588,0.7435119664834143
HistGradientBoosting benchmark,0.001694915254237288,0.03954802259887006,0.6992486409607062
HistGradientBoosting benchmark,0.003389830508474576,0.03954802259887006,0.6905192770445979
HistGradientBoosting benchmark,0.003389830508474576,0.0847457627118644,0.6514501516475072
HistGradientBoosting benchmark,0.005084745762711864,0.0847457627118644,0.6512032139263665
HistGradientBoosting benchmark,0.005084745762711864,0.096045197740113,0.649635433454382
HistGradientBoosting benchmark,0.00847457627118644,0.096045197740113,0.648489078570773
HistGradientBoosting benchmark,0.00847457627118644,0.1016949152542373,0.645737682852052
HistGradientBoosting benchmark,0.011864406779661017,0.1016949152542373,0.6440182843990471
HistGradientBoosting benchmark,0.011864406779661017,0.10734463276836158,0.6386709181626368
HistGradientBoosting benchmark,0.01694915254237288,0.10734463276836158,0.6339006443222097
HistGradientBoosting benchmark,0.01694915254237288,0.11299435028248588,0.6325167432753852
HistGradientBoosting benchmark,0.01864406779661017,0.11299435028248588,0.6322068895447112
HistGradientBoosting benchmark,0.01864406779661017,0.12429378531073447,0.6226838540445171
HistGradientBoosting benchmark,0.022033898305084745,0.12429378531073447,0.6061591159373882
HistGradientBoosting benchmark,0.022033898305084745,0.12994350282485875,0.6058029807281543
HistGradientBoosting benchmark,0.023728813559322035,0.12994350282485875,0.596948438855227
HistGradientBoosting benchmark,0.023728813559322035,0.1638418079096045,0.5839467616361536
HistGradientBoosting benchmark,0.0288135593220339,0.1638418079096045,0.5749290505226403
HistGradientBoosting benchmark,0.0288135593220339,0.1751412429378531,0.5644834362035114
HistGradientBoosting benchmark,0.03389830508474576,0.1751412429378531,0.5532540434436953
HistGradientBoosting benchmark,0.03389830508474576,0.1807909604519774,0.5458674730769831
HistGradientBoosting benchmark,0.03559322033898305,0.1807909604519774,0.5412151460402039
HistGradientBoosting benchmark,0.03559322033898305,0.192090395480226,0.5397888349009987
HistGradientBoosting benchmark,0.03728813559322034,0.192090395480226,0.5347722855217331
HistGradientBoosting benchmark,0.03728813559322034,0.2033898305084746,0.5221089310836544
HistGradientBoosting benchmark,0.03898305084745763,0.2033898305084746,0.5140004826587469
HistGradientBoosting benchmark,0.03898305084745763,0.20903954802259886,0.5131649574411797
HistGradientBoosting benchmark,0.04406779661016949,0.20903954802259886,0.4928770669261349
HistGradientBoosting benchmark,0.04406779661016949,0.21468926553672316,0.49233713515153793
HistGradientBoosting benchmark,0.05423728813559322,0.21468926553672316,0.46543972791172866
HistGradientBoosting benchmark,0.05423728813559322,0.23163841807909605,0.4602306148241002
HistGradientBoosting benchmark,0.05593220338983051,0.23163841807909605,0.45604194464046827
HistGradientBoosting benchmark,0.05593220338983051,0.23728813559322035,0.4520790151109844
HistGradientBoosting benchmark,0.0576271186440678,0.23728813559322035,0.44863596602603517
HistGradientBoosting benchmark,0.0576271186440678,0.24293785310734464,0.44770364000977597
HistGradientBoosting benchmark,0.059322033898305086,0.24293785310734464,0.44514159391524527
HistGradientBoosting benchmark,0.059322033898305086,0.2542372881355932,0.44133614528254117
HistGradientBoosting benchmark,0.06271186440677966,0.2542372881355932,0.4370642785756631
HistGradientBoosting benchmark,0.06271186440677966,0.2711864406779661,0.4102728755689014
HistGradientBoosting benchmark,0.06610169491525424,0.2711864406779661,0.40598016801168224
HistGradientBoosting benchmark,0.06610169491525424,0.2824858757062147,0.3996679874575336
HistGradientBoosting benchmark,0.06779661016949153,0.2824858757062147,0.39700428656238446
HistGradientBoosting benchmark,0.06779661016949153,0.288135593220339,0.3962738607054849
HistGradientBoosting benchmark,0.0711864406779661,0.288135593220339,0.3940907266261865
HistGradientBoosting benchmark,0.0711864406779661,0.3107344632768362,0.3883964120213573
HistGradientBoosting benchmark,0.07457627118644068,0.3107344632768362,0.38761110696299383
HistGradientBoosting benchmark,0.07457627118644068,0.3163841807909605,0.3865796945210621
HistGradientBoosting benchmark,0.07627118644067797,0.3163841807909605,0.383970657023713
HistGradientBoosting benchmark,0.07627118644067797,0.3220338983050847,0.3837340211492064
HistGradientBoosting benchmark,0.07966101694915254,0.3220338983050847,0.38137434942018783
HistGradientBoosting benchmark,0.07966101694915254,0.327683615819209,0.3781239861809137
HistGradientBoosting benchmark,0.08305084745762711,0.327683615819209,0.3747244648012392
HistGradientBoosting benchmark,0.08305084745762711,0.3389830508474576,0.37298176939964917
HistGradientBoosting benchmark,0.08644067796610169,0.3389830508474576,0.3693137681167738
HistGradientBoosting benchmark,0.08644067796610169,0.3446327683615819,0.36866333331997314
HistGradientBoosting benchmark,0.08813559322033898,0.3446327683615819,0.36716275351939637
HistGradientBoosting benchmark,0.08813559322033898,0.3559322033898305,0.36237052555034527
HistGradientBoosting benchmark,0.09152542372881356,0.3559322033898305,0.3600635105003945
HistGradientBoosting benchmark,0.09152542372881356,0.3615819209039548,0.35928674520984477
HistGradientBoosting benchmark,0.10338983050847457,0.3615819209039548,0.34982399798576924
HistGradientBoosting benchmark,0.10338983050847457,0.3672316384180791,0.34684238507260623
HistGradientBoosting benchmark,0.10508474576271186,0.3672316384180791,0.341473360136875
HistGradientBoosting benchmark,0.10508474576271186,0.3728813559322034,0.3403734366627425
HistGradientBoosting benchmark,0.10847457627118644,0.3728813559322034,0.33768070175122855
HistGradientBoosting benchmark,0.10847457627118644,0.3898305084745763,0.3319978108560554
HistGradientBoosting benchmark,0.11016949152542373,0.3898305084745763,0.330943140190714
HistGradientBoosting benchmark,0.11016949152542373,0.3954802259887006,0.32944509907484765
HistGradientBoosting benchmark,0.1135593220338983,0.3954802259887006,0.32478437326880266
HistGradientBoosting benchmark,0.1135593220338983,0.4011299435028249,0.3241945264307755
HistGradientBoosting benchmark,0.11864406779661017,0.4011299435028249,0.3226692828037901
HistGradientBoosting benchmark,0.11864406779661017,0.4124293785310734,0.32127112112945466
HistGradientBoosting benchmark,0.12033898305084746,0.4124293785310734,0.32033360948864076
HistGradientBoosting benchmark,0.12033898305084746,0.4180790960451977,0.3199513322848602
HistGradientBoosting benchmark,0.13220338983050847,0.4180790960451977,0.3092750266348512
HistGradientBoosting benchmark,0.13220338983050847,0.423728813559322,0.30895404072319754
HistGradientBoosting benchmark,0.13559322033898305,0.423728813559322,0.29904908699346344
HistGradientBoosting benchmark,0.13559322033898305,0.4293785310734463,0.2960692090281842
HistGradientBoosting benchmark,0.14576271186440679,0.4293785310734463,0.2926686551455248
HistGradientBoosting benchmark,0.14576271186440679,0.4350282485875706,0.29236853372027494
HistGradientBoosting benchmark,0.15254237288135594,0.4350282485875706,0.28714861389230395
HistGradientBoosting benchmark,0.15254237288135594,0.4406779661016949,0.28471353908341085
HistGradientBoosting benchmark,0.15423728813559323,0.4406779661016949,0.2843848751620101
HistGradientBoosting benchmark,0.15423728813559323,0.4463276836158192,0.283820907692739
HistGradientBoosting benchmark,0.15932203389830507,0.4463276836158192,0.27987806904291546
HistGradientBoosting benchmark,0.15932203389830507,0.4519774011299435,0.27981806289954625
HistGradientBoosting benchmark,0.16779661016949152,0.4519774011299435,0.2778832933913915
HistGradientBoosting benchmark,0.16779661016949152,0.4576271186440678,0.27683341397690486
HistGradientBoosting benchmark,0.1711864406779661,0.4576271186440678,0.2739175806545871
HistGradientBoosting benchmark,0.1711864406779661,0.4632768361581921,0.2732858665489705
HistGradientBoosting benchmark,0.17457627118644067,0.4632768361581921,0.2714742999372585
HistGradientBoosting benchmark,0.17457627118644067,0.4689265536723164,0.27131054257618786
HistGradientBoosting benchmark,0.17627118644067796,0.4689265536723164,0.2707804162641836
HistGradientBoosting benchmark,0.17627118644067796,0.4745762711864407,0.2693577660853031
HistGradientBoosting benchmark,0.18135593220338983,0.4745762711864407,0.2669655255508329
HistGradientBoosting benchmark,0.18135593220338983,0.480225988700565,0.2640904273605841
HistGradientBoosting benchmark,0.18305084745762712,0.480225988700565,0.26387383905888695
HistGradientBoosting benchmark,0.18305084745762712,0.4915254237288136,0.26249491600656666
HistGradientBoosting benchmark,0.1847457627118644,0.4915254237288136,0.2622062115419044
HistGradientBoosting benchmark,0.1847457627118644,0.4971751412429379,0.26210224077397526
HistGradientBoosting benchmark,0.19152542372881357,0.4971751412429379,0.26021850283640946
HistGradientBoosting benchmark,0.19152542372881357,0.5028248587570622,0.25907602702274624
HistGradientBoosting benchmark,0.19661016949152543,0.5028248587570622,0.25672039638891087
HistGradientBoosting benchmark,0.19661016949152543,0.5084745762711864,0.2563646054406717
HistGradientBoosting benchmark,0.2033898305084746,0.5084745762711864,0.25372874125146166
HistGradientBoosting benchmark,0.2033898305084746,0.5141242937853108,0.2536491232605201
HistGradientBoosting benchmark,0.20508474576271185,0.5141242937853108,0.253627977031137
HistGradientBoosting benchmark,0.20508474576271185,0.5254237288135594,0.25210758853385484
HistGradientBoosting benchmark,0.20677966101694914,0.5254237288135594,0.2515534300434849
HistGradientBoosting benchmark,0.20677966101694914,0.5310734463276836,0.2515095218394583
HistGradientBoosting benchmark,0.2135593220338983,0.5310734463276836,0.24458682503568407
HistGradientBoosting benchmark,0.2135593220338983,0.536723163841808,0.24343424331518534
HistGradientBoosting benchmark,0.21864406779661016,0.536723163841808,0.23980808108093424
HistGradientBoosting benchmark,0.21864406779661016,0.5480225988700564,0.23928326417278178
HistGradientBoosting benchmark,0.22372881355932203,0.5480225988700564,0.2384214108940587
HistGradientBoosting benchmark,0.22372881355932203,0.5536723163841808,0.23790597469358624
HistGradientBoosting benchmark,0.23728813559322035,0.5536723163841808,0.2320607621806012
HistGradientBoosting benchmark,0.23728813559322035,0.559322033898305,0.23167709503723397
HistGradientBoosting benchmark,0.2440677966101695,0.559322033898305,0.22750009072652394
HistGradientBoosting benchmark,0.2440677966101695,0.5649717514124294,0.22688763046244675
HistGradientBoosting benchmark,0.25254237288135595,0.5649717514124294,0.2240340681315257
HistGradientBoosting benchmark,0.25254237288135595,0.5706214689265536,0.22333062639911763
HistGradientBoosting benchmark,0.2559322033898305,0.5706214689265536,0.2225258892935798
HistGradientBoosting benchmark,0.2559322033898305,0.5875706214689266,0.2213249132348126
HistGradientBoosting benchmark,0.26610169491525426,0.5875706214689266,0.21749307515659783
HistGradientBoosting benchmark,0.26610169491525426,0.5932203389830508,0.21719098509528448
HistGradientBoosting benchmark,0.26949152542372884,0.5932203389830508,0.21651040471925592
HistGradientBoosting benchmark,0.26949152542372884,0.5988700564971752,0.2143733368217459
HistGradientBoosting benchmark,0.27288135593220336,0.5988700564971752,0.21377235658426108
HistGradientBoosting benchmark,0.27288135593220336,0.6045197740112994,0.21357977684858212
HistGradientBoosting benchmark,0.27627118644067794,0.6045197740112994,0.21079909569159877
HistGradientBoosting benchmark,0.27627118644067794,0.6101694915254238,0.20936406829061918
HistGradientBoosting benchmark,0.28135593220338984,0.6101694915254238,0.2064851932933198
HistGradientBoosting benchmark,0.28135593220338984,0.615819209039548,0.20586810222830923
HistGradientBoosting benchmark,0.2847457627118644,0.615819209039548,0.20497215332983157
HistGradientBoosting benchmark,0.2847457627118644,0.6214689265536724,0.20494228876613158
HistGradientBoosting benchmark,0.288135593220339,0.6214689265536724,0.20366475822944832
HistGradientBoosting benchmark,0.28983050847457625,0.6271186440677966,0.2036435339712117
HistGradientBoosting benchmark,0.29491525423728815,0.6271186440677966,0.20236436604251165
HistGradientBoosting benchmark,0.29491525423728815,0.632768361581921,0.20209042903716498
HistGradientBoosting benchmark,0.30338983050847457,0.632768361581921,0.20126670054655504
HistGradientBoosting benchmark,0.30338983050847457,0.6384180790960452,0.20114309899913732
HistGradientBoosting benchmark,0.3169491525423729,0.6384180790960452,0.19830738571428375
HistGradientBoosting benchmark,0.3169491525423729,0.6497175141242938,0.1972013063674312
HistGradientBoosting benchmark,0.32372881355932204,0.6497175141242938,0.19653415706873278
HistGradientBoosting benchmark,0.32372881355932204,0.655367231638418,0.19619546092615328
HistGradientBoosting benchmark,0.33559322033898303,0.655367231638418,0.19391065984225556
HistGradientBoosting benchmark,0.33559322033898303,0.6610169491525424,0.19358944541868633
HistGradientBoosting benchmark,0.33728813559322035,0.6610169491525424,0.19351395061552576
HistGradientBoosting benchmark,0.33728813559322035,0.6666666666666666,0.19326868414618154
HistGradientBoosting benchmark,0.3525423728813559,0.6666666666666666,0.190968826065639
HistGradientBoosting benchmark,0.3525423728813559,0.672316384180791,0.1909293805808019
HistGradientBoosting benchmark,0.37796610169491524,0.672316384180791,0.18218010583212488
HistGradientBoosting benchmark,0.37796610169491524,0.6836158192090396,0.18152054234733533
HistGradientBoosting benchmark,0.3813559322033898,0.6836158192090396,0.18045408953289008
HistGradientBoosting benchmark,0.3813559322033898,0.6892655367231638,0.18004600010892333
HistGradientBoosting benchmark,0.3864406779661017,0.6892655367231638,0.17929600758015593
HistGradientBoosting benchmark,0.3864406779661017,0.7005649717514124,0.17767035162174216
HistGradientBoosting benchmark,0.38813559322033897,0.7005649717514124,0.1775582067010741
HistGradientBoosting benchmark,0.38813559322033897,0.7062146892655368,0.1773418246733536
HistGradientBoosting benchmark,0.3898305084745763,0.7062146892655368,0.17712198640063131
HistGradientBoosting benchmark,0.39322033898305087,0.7062146892655368,0.1770381668971473
HistGradientBoosting benchmark,0.39661016949152544,0.7062146892655368,0.1766578296842679
HistGradientBoosting benchmark,0.39661016949152544,0.711864406779661,0.1766061919669468
HistGradientBoosting benchmark,0.40508474576271186,0.711864406779661,0.1748286928721372
HistGradientBoosting benchmark,0.40508474576271186,0.7175141242937854,0.1740453063573791
HistGradientBoosting benchmark,0.42542372881355933,0.7175141242937854,0.17055598702630737
HistGradientBoosting benchmark,0.42542372881355933,0.7288135593220338,0.17045164339949212
HistGradientBoosting benchmark,0.4271186440677966,0.7288135593220338,0.16984493328656727
HistGradientBoosting benchmark,0.4271186440677966,0.7344632768361582,0.16942614732052183
HistGradientBoosting benchmark,0.43050847457627117,0.7344632768361582,0.1691390168948129
HistGradientBoosting benchmark,0.43050847457627117,0.7401129943502824,0.16906453106093255
HistGradientBoosting benchmark,0.44745762711864406,0.7401129943502824,0.16719564734075554
HistGradientBoosting benchmark,0.44745762711864406,0.7457627118644068,0.16714769049750933
HistGradientBoosting benchmark,0.45932203389830506,0.7457627118644068,0.16557966148325637
HistGradientBoosting benchmark,0.45932203389830506,0.751412429378531,0.1655336309528655
HistGradientBoosting benchmark,0.47627118644067795,0.751412429378531,0.16348358558368173
HistGradientBoosting benchmark,0.47627118644067795,0.7570621468926554,0.16305279565929784
HistGradientBoosting benchmark,0.4915254237288136,0.7570621468926554,0.16189537870515056
HistGradientBoosting benchmark,0.4915254237288136,0.7627118644067796,0.16187119523719923
HistGradientBoosting benchmark,0.511864406779661,0.7627118644067796,0.15823882644858575
HistGradientBoosting benchmark,0.511864406779661,0.768361581920904,0.1579290372100102
HistGradientBoosting benchmark,0.5440677966101695,0.768361581920904,0.15438322653066391
HistGradientBoosting benchmark,0.5440677966101695,0.7740112994350282,0.15397171556060293
HistGradientBoosting benchmark,0.5525423728813559,0.7740112994350282,0.15323344286130086
HistGradientBoosting benchmark,0.5525423728813559,0.7853107344632768,0.15256594337391524
HistGradientBoosting benchmark,0.559322033898305,0.7853107344632768,0.15162967414198192
HistGradientBoosting benchmark,0.559322033898305,0.7966101694915254,0.15149980578997502
HistGradientBoosting benchmark,0.5694915254237288,0.7966101694915254,0.1501505968365962
HistGradientBoosting benchmark,0.5694915254237288,0.8022598870056498,0.15001315846825897
HistGradientBoosting benchmark,0.5728813559322034,0.8022598870056498,0.14972011978172448
HistGradientBoosting benchmark,0.5728813559322034,0.807909604519774,0.14969545187351557
HistGradientBoosting benchmark,0.5813559322033899,0.807909604519774,0.14821918561351766
HistGradientBoosting benchmark,0.5813559322033899,0.8135593220338984,0.14817455007462646
HistGradientBoosting benchmark,0.5830508474576271,0.8135593220338984,0.1480798511113204
HistGradientBoosting benchmark,0.5830508474576271,0.8248587570621468,0.14766184305721322
HistGradientBoosting benchmark,0.5864406779661017,0.8248587570621468,0.14743704396780988
HistGradientBoosting benchmark,0.5864406779661017,0.8305084745762712,0.14742874315704282
HistGradientBoosting benchmark,0.6203389830508474,0.8305084745762712,0.14341993741195802
HistGradientBoosting benchmark,0.6203389830508474,0.8361581920903954,0.14331830280759422
HistGradientBoosting benchmark,0.6254237288135593,0.8361581920903954,0.14201430100669868
HistGradientBoosting benchmark,0.6254237288135593,0.8418079096045198,0.14181429216609506
HistGradientBoosting benchmark,0.6322033898305085,0.8418079096045198,0.14065361751258787
HistGradientBoosting benchmark,0.6322033898305085,0.847457627118644,0.14041062392687992
HistGradientBoosting benchmark,0.6508474576271186,0.847457627118644,0.13878555662031483
HistGradientBoosting benchmark,0.6508474576271186,0.8531073446327684,0.13860274174684578
HistGradientBoosting benchmark,0.6542372881355932,0.8531073446327684,0.13830264884902976
HistGradientBoosting benchmark,0.6542372881355932,0.8587570621468926,0.1382377253335503
HistGradientBoosting benchmark,0.676271186440678,0.8587570621468926,0.13519240318258824
HistGradientBoosting benchmark,0.676271186440678,0.864406779661017,0.13487332015966197
HistGradientBoosting benchmark,0.6932203389830508,0.864406779661017,0.1337142184098751
HistGradientBoosting benchmark,0.6932203389830508,0.8700564971751412,0.13367539427584327
HistGradientBoosting benchmark,0.6966101694915254,0.8700564971751412,0.13301780502904656
HistGradientBoosting benchmark,0.6966101694915254,0.8757062146892656,0.13269302319817095
HistGradientBoosting benchmark,0.7050847457627119,0.8757062146892656,0.13165371071849397
HistGradientBoosting benchmark,0.7050847457627119,0.8813559322033898,0.1316474028996048
HistGradientBoosting benchmark,0.7067796610169491,0.8813559322033898,0.13161436090400452
HistGradientBoosting benchmark,0.7067796610169491,0.8870056497175142,0.1315903766625939
HistGradientBoosting benchmark,0.7084745762711865,0.8870056497175142,0.13150603744391226
HistGradientBoosting benchmark,0.711864406779661,0.8926553672316384,0.13149795446739684
HistGradientBoosting benchmark,0.7203389830508474,0.8926553672316384,0.1308006361605773
HistGradientBoosting benchmark,0.7237288135593221,0.8926553672316384,0.13059557363900187
HistGradientBoosting benchmark,0.7237288135593221,0.903954802259887,0.13057842555150667
HistGradientBoosting benchmark,0.7254237288135593,0.903954802259887,0.13030158867424196
HistGradientBoosting benchmark,0.7254237288135593,0.9096045197740112,0.13024472473622928
HistGradientBoosting benchmark,0.7559322033898305,0.9096045197740112,0.12477413720707553
HistGradientBoosting benchmark,0.7559322033898305,0.9152542372881356,0.12466254329831428
HistGradientBoosting benchmark,0.7745762711864407,0.9152542372881356,0.12238152853329862
HistGradientBoosting benchmark,0.7745762711864407,0.9209039548022598,0.12205256218290769
HistGradientBoosting benchmark,0.788135593220339,0.9209039548022598,0.11875166117401051
HistGradientBoosting benchmark,0.788135593220339,0.9265536723163842,0.11866843838158338
HistGradientBoosting benchmark,0.8203389830508474,0.9265536723163842,0.1143936033068632
HistGradientBoosting benchmark,0.8203389830508474,0.9322033898305084,0.11432018645424552
HistGradientBoosting benchmark,0.8254237288135593,0.9322033898305084,0.11274674092630368
HistGradientBoosting benchmark,0.8254237288135593,0.9378531073446328,0.11274598339647199
HistGradientBoosting benchmark,0.8423728813559322,0.9378531073446328,0.11104722513056066
HistGradientBoosting benchmark,0.8423728813559322,0.943502824858757,0.1106898391713458
HistGradientBoosting benchmark,0.8525423728813559,0.943502824858757,0.10901779242101421
HistGradientBoosting benchmark,0.8525423728813559,0.9491525423728814,0.10901632291340534
HistGradientBoosting benchmark,0.8813559322033898,0.9491525423728814,0.10369803036230504
HistGradientBoosting benchmark,0.8813559322033898,0.9548022598870056,0.10350636773399018
HistGradientBoosting benchmark,0.8847457627118644,0.9548022598870056,0.10283633867721985
HistGradientBoosting benchmark,0.8847457627118644,0.96045197740113,0.10246759182744926
HistGradientBoosting benchmark,0.9101694915254237,0.96045197740113,0.0994033450037604
HistGradientBoosting benchmark,0.9101694915254237,0.9661016949152542,0.09921668887485004
HistGradientBoosting benchmark,0.9169491525423729,0.9661016949152542,0.0978744507402067
HistGradientBoosting benchmark,0.9169491525423729,0.9717514124293786,0.09780649243092873
HistGradientBoosting benchmark,0.9305084745762712,0.9717514124293786,0.09584425058987966
HistGradientBoosting benchmark,0.9305084745762712,0.9774011299435028,0.09451273574813744
HistGradientBoosting benchmark,0.9745762711864406,0.9774011299435028,0.07958562220824407
HistGradientBoosting benchmark,0.9745762711864406,0.9830508474576272,0.07936382439738242
HistGradientBoosting benchmark,0.9796610169491525,0.9830508474576272,0.07621131650053727
HistGradientBoosting benchmark,0.9796610169491525,0.9887005649717514,0.07526236411349124
HistGradientBoosting benchmark,0.988135593220339,0.9887005649717514,0.07089407137103332
HistGradientBoosting benchmark,0.988135593220339,1.0,0.06815383836302628
HistGradientBoosting benchmark,1.0,1.0,0.05499845005742101
